{
	"info": {
		"_postman_id": "dd86253e-1bff-4419-aac0-a42709ccd3a9",
		"name": "sweatworks",
		"schema": "https://schema.getpostman.com/json/collection/v2.1.0/collection.json"
	},
	"item": [
		{
			"name": "authors",
			"item": [
				{
					"name": "http://localhost:3000/dev/authors",
					"request": {
						"method": "GET",
						"header": [],
						"url": {
							"raw": "http://localhost:3000/dev/authors?sort=firstName:ASC",
							"protocol": "http",
							"host": [
								"localhost"
							],
							"port": "3000",
							"path": [
								"dev",
								"authors"
							],
							"query": [
								{
									"key": "sort",
									"value": "firstName:ASC"
								}
							]
						}
					},
					"response": []
				},
				{
					"name": "http://localhost:3000/dev/authors/3",
					"request": {
						"method": "DELETE",
						"header": [],
						"url": {
							"raw": "http://localhost:3000/dev/authors/3",
							"protocol": "http",
							"host": [
								"localhost"
							],
							"port": "3000",
							"path": [
								"dev",
								"authors",
								"3"
							]
						}
					},
					"response": []
				},
				{
					"name": "http://localhost:3000/dev/authors/1",
					"request": {
						"method": "GET",
						"header": [],
						"url": {
							"raw": "http://localhost:3000/dev/authors/1",
							"protocol": "http",
							"host": [
								"localhost"
							],
							"port": "3000",
							"path": [
								"dev",
								"authors",
								"1"
							]
						}
					},
					"response": []
				},
				{
					"name": "http://localhost:3000/dev/authors/",
					"request": {
						"method": "POST",
						"header": [],
						"body": {
							"mode": "raw",
							"raw": "{\n    \"firstName\": \"Rodrigo\",\n    \"lastName\": \"Pereira\",\n    \"email\": \"pereirapy@hotmail.com\",\n    \"birtyDate\": \"1914-01-01\"\n}\n",
							"options": {
								"raw": {
									"language": "json"
								}
							}
						},
						"url": {
							"raw": "http://localhost:3000/dev/authors/",
							"protocol": "http",
							"host": [
								"localhost"
							],
							"port": "3000",
							"path": [
								"dev",
								"authors",
								""
							]
						}
					},
					"response": []
				},
				{
					"name": "http://localhost:3000/dev/authors/3",
					"request": {
						"method": "PUT",
						"header": [],
						"body": {
							"mode": "raw",
							"raw": "{\n    \"firstName\": \"Rodrigo updated\",\n    \"lastName\": \"Pereira updated\",\n    \"email\": \"pereirapy@hotmail.com.updated\",\n    \"birtyDate\": \"2021-01-01\"\n}\n",
							"options": {
								"raw": {
									"language": "json"
								}
							}
						},
						"url": {
							"raw": "http://localhost:3000/dev/authors/3",
							"protocol": "http",
							"host": [
								"localhost"
							],
							"port": "3000",
							"path": [
								"dev",
								"authors",
								"3"
							]
						}
					},
					"response": []
				}
			]
		},
		{
			"name": "publications",
			"item": [
				{
					"name": "http://localhost:3000/dev/publications",
					"request": {
						"method": "GET",
						"header": [],
						"url": {
							"raw": "http://localhost:3000/dev/authors?sort=firstName:ASC",
							"protocol": "http",
							"host": [
								"localhost"
							],
							"port": "3000",
							"path": [
								"dev",
								"authors"
							],
							"query": [
								{
									"key": "sort",
									"value": "firstName:ASC"
								}
							]
						}
					},
					"response": []
				},
				{
					"name": "http://localhost:3000/dev/publications/3",
					"request": {
						"method": "DELETE",
						"header": [],
						"url": {
							"raw": "http://localhost:3000/dev/authors/3",
							"protocol": "http",
							"host": [
								"localhost"
							],
							"port": "3000",
							"path": [
								"dev",
								"authors",
								"3"
							]
						}
					},
					"response": []
				},
				{
					"name": "http://localhost:3000/dev/publications/1",
					"request": {
						"method": "GET",
						"header": [],
						"url": {
							"raw": "http://localhost:3000/dev/authors/1",
							"protocol": "http",
							"host": [
								"localhost"
							],
							"port": "3000",
							"path": [
								"dev",
								"authors",
								"1"
							]
						}
					},
					"response": []
				},
				{
					"name": "http://localhost:3000/dev/publications/",
					"request": {
						"method": "POST",
						"header": [],
						"body": {
							"mode": "raw",
							"raw": "{\n  \"title\": \"title\",\n  \"body\": \"body\",\n  \"authorId\": 1\n}\n",
							"options": {
								"raw": {
									"language": "json"
								}
							}
						},
						"url": {
							"raw": "http://localhost:3000/dev/publications/",
							"protocol": "http",
							"host": [
								"localhost"
							],
							"port": "3000",
							"path": [
								"dev",
								"publications",
								""
							]
						}
					},
					"response": []
				},
				{
					"name": "http://localhost:3000/dev/publications/3",
					"request": {
						"method": "PUT",
						"header": [],
						"body": {
							"mode": "raw",
							"raw": "{\n  \"title\": \"title updated\",\n  \"body\": \"body updated\",\n  \"authorId\": 1\n}\n",
							"options": {
								"raw": {
									"language": "json"
								}
							}
						},
						"url": {
							"raw": "http://localhost:3000/dev/publications/5",
							"protocol": "http",
							"host": [
								"localhost"
							],
							"port": "3000",
							"path": [
								"dev",
								"publications",
								"5"
							]
						}
					},
					"response": []
				}
			]
		}
	]
}